Year,Volume BTC
2020,282882.51
2019,269589.11
2018,742551.03
2017,1343160.053
2015,358.1967079
2015,0.8450346